id	addr:city	addr:postcode	addr:street	amenity	cuisine	int_name	name	name:en	opening_hours	website	wheelchair	internet_access	name:mk	phone	email	phone:1	phone:2	outdoor_seating	smoking	takeaway	payment:american_express	payment:coins	payment:maestro	payment:mastercard	payment:notes	payment:visa	payment:visa_electron	phone:3	capacity	delivery	stars	payment:cash	payment:credit_cards	coordinates_x	coordinates_y
node/309894643	??????	1000	??????? ??????????	restaurant	italian	Pelister	????????	Pelister	Mo-Th 07:00-00:00; Fr-Sa 07:00-01:00; Su 10:30-00:00	https://www.pelisterhotel.com.mk/	yes																							21.4315704	41.9953933
node/382645252				restaurant			Brioni																											22.0215553	41.4347276
node/382645390				restaurant																														22.0204395	41.4344573
node/386705447				restaurant			Ramazzoti																											22.0115107	41.4412063
node/386705584				restaurant			Exclusive																											22.0096102	41.4410295
node/393755446				restaurant	fish;grill		??? ???					wlan																						22.7220346	41.1844141
node/411006922				restaurant			?????????																											21.4140669	41.9947432
node/411634092				restaurant	italian_pizza;regional;balkan		????	Skar				wlan	????																					21.2485747	41.368101
node/411634094				restaurant			???????	Beneton					???????																					21.2486257	41.3681312
node/414619170				restaurant	chicken;diner;regional;pancake;sausage;coffee_shop;ice_cream;balkan;mediterranean;burger;fish;breakfast;grill		Cardak		Mo-Su 08:00-02:00			wlan		38978420959																				21.2151321	41.5065603
node/414619172				restaurant			Lisec																											21.2177087	41.5075223
node/419115353				restaurant	fish	Pešna	?????	Peshna		www.pesnamotel.com.mk					pesnamotel@yahoo.com	+389 75 44 64 10	+389 76 432 432																	21.2442677	41.541066
node/419829216				restaurant			Kico																											22.0111128	41.4412564
node/419829221				restaurant			Riben restorant																											22.0135418	41.4407867
node/419829868				restaurant	regional		Aleksandrija																											22.0116142	41.4331716
node/423804306				restaurant			Kaj Mame																											21.2160292	41.5081589
node/427013440				restaurant			Spandja																											22.0121336	41.4411582
node/429175192				restaurant			??????																											21.4438183	41.9768256
node/442545329				restaurant		Prolet	??????	Prolet																										22.4125757	41.9153534
node/444360934				restaurant	regional	Grad?e	??????																											22.4062744	41.9596507
node/444695321				restaurant	regional		????????																											22.4078181	41.9561396
node/444695322				restaurant																														22.4072357	41.9639856
node/444695367				restaurant			Ribnik Blatec																											22.6230389	41.8339517
node/444695368				restaurant																														22.624069	41.833525
node/445422613				restaurant	steak_house		Hunter’s Lodge “Kamnik”			http://www.kamnik.com.mk/																								21.4871217	42.0072516
node/459668143				restaurant			??? ????																											21.4307036	42.0047876
node/459668914				restaurant	italian		??? ????	Gino	"Mo 08:00-24:00, Tu,We,Fr,Sa 09:00-24:00, Th 09:00-23:00, Su 09:00-01:00"	http://www.restorangino.mk/				+389 2 3121109	contact@restorangino.mk			yes	outside															21.4342799	41.9943261
node/459669063	C?o?je	1000	??? 13 ???????	restaurant	latin_american	Plaza de Toros	????? ?? ?????																											21.4350117	41.9952456
node/461655652				restaurant			Luna 2																											22.6502444	41.4392415
node/477689620				restaurant	regional		Rubiko																											22.0953457	41.4895975
node/477689674				restaurant	regional		Kaj Zika																											21.9522494	41.5237914
node/478041022				restaurant	regional		Makedonska Kuka																											22.0136796	41.4337258
node/481098096				restaurant	italian		??????																											21.3995191	42.0031464
node/497549476				restaurant			????	Milo																										22.8645	41.69802
node/497549481				restaurant			??????? ?????? 2	Ristovo Meanche 2																										22.85985	41.70396
node/497549483				restaurant			???	Mrs																										22.8571233	41.7045671
node/499932154				restaurant			??????	Divine																										22.9354984	41.7301724
node/521505926				restaurant			Moneta																											22.0187521	41.4389417
node/528996470				restaurant			??? ?????																											20.7819982	40.9615847
node/555008847				restaurant	fish		????																											22.7242971	41.180711
node/555023959		36330	15 ??????	restaurant	regional		?'?? ?? ???																											20.6762151	41.1769374
node/572366400				restaurant			Bonaca																											20.676795	41.1778398
node/577538782				restaurant			Prince																											21.4349372	42.0198926
node/600905655			????????	restaurant			??? ?????	Bosphorus Turkish Restaurant																										21.3926682	42.0028498
node/696669231				restaurant			??	iV																										21.4368796	41.9869006
node/837180282				restaurant		Arena	?????	Arena																										21.3533345	41.0364578
node/908273433				restaurant	regional		??p?c?	Turist																										21.4367576	42.0003099
node/911173351				restaurant			Tropic																											22.0333387	41.397022
node/911176033				restaurant			Moskva																											22.004638	41.4347168
node/1021423924				restaurant			Maestro Cafe																											20.9731075	42.0080851
node/1088079193				restaurant																														22.3331186	41.8823767
node/1092272132				restaurant																														21.3510028	42.0064872
node/1132688809				restaurant	international		River Side Garden							38970890606																				21.3274583	41.9953819
node/1371716593			??????????	restaurant			?????																											21.4122694	41.9979155
node/1372568001			?????????	restaurant			????																											21.3989291	42.000855
node/1377184494				restaurant			??????? ??????																											21.4960141	42.0013936
node/1378130151				restaurant			?????																											21.4390455	41.9841333
node/1378130158				restaurant																														21.4391421	41.983244
node/1378228324				restaurant			???????? ??????																											21.4455687	41.9710708
node/1378228333				restaurant			???????? ???																											21.4385091	41.9787578
node/1380378665		1000	??????	restaurant	burger;regional;breakfast;grill;mediterranean;balkan;chicken;kebab		?????????	Rustikana	Mo-Su 10:00-00:00			wlan		38971383382	dinamic.ksk@gmail.com																			21.4078483	41.9997295
node/1380378702				restaurant			?????																											21.415982	41.9985008
node/1475328750				restaurant	regional		Restoran Tomi																											21.3462963	42.0464013
node/1475384945				restaurant																														21.3469347	42.0455608
node/1475388232				restaurant	regional		Meraklii																											21.3508185	42.0299906
node/1475404511				restaurant																														21.3651275	42.0069568
node/1506640739				restaurant		Dzidan Most	????? ????	Dzidan Most																										21.4700306	41.591053
node/1507082600				restaurant																														21.2191049	41.0331866
node/1507250217				restaurant																														21.1183781	40.8595203
node/1535266560				restaurant			???????? ?????? 919	Restaurant Ragusa 919																										21.4820381	41.9782792
node/1577483516				restaurant	international	Staro Bure	????? ????																											21.3975417	42.0035286
node/1577485951				restaurant	regional	At 62	62																											21.3741187	42.0065185
node/1596475596				restaurant	regional	Wine House	?????? ????																											22.0228438	41.4334495
node/1634933708				restaurant			?????																											21.7753509	41.7170862
node/1660208191				restaurant			??????																											21.3528594	41.036449
node/1660208193				restaurant			??????																											21.3539109	41.036449
node/1674866746				restaurant		Javor Džoko	????? ????	Javor Dzhoko																										22.5045562	41.1651121
node/1676857177				restaurant	fish		????? ???????? ????? (???????)																											21.4871492	41.9843967
node/1682245572				restaurant																														21.1628707	40.9077301
node/1704390096				restaurant																														20.9622235	41.5126282
node/1704390097				restaurant																														20.9578247	41.5098564
node/1710571027				restaurant			?????																											21.7777592	41.7176653
node/1710571117				restaurant			?????????																											21.7775232	41.7176332
node/1712601384				restaurant			???? ????																											21.7842383	41.7153245
node/1712601392				restaurant			???? ????																											21.7842139	41.7154688
node/1734513473				restaurant																														21.3337137	42.0066455
node/1734513478				restaurant																														21.3362989	42.0073873
node/1734530400				restaurant																														21.3651314	42.0067805
node/1747649203				restaurant			?????																											21.4151525	41.9946274
node/1748017584	??????			restaurant	regional		Marana													yes														21.4204907	41.9904847
node/1751563134	C?o?je		??????? ??????? ????????	restaurant	international		Pastel Wine & Dine	Pastel Wine & Dine	Mo-Fr 06:30-21:00; Sa 06:30-17:00; Su 06:30-16:00	http://pastel.mk/	yes	wlan		+389 2 3214447					outside	yes	no	yes	yes	yes	yes	yes	yes							21.4245254	41.9947645
node/1752178268				restaurant	italian		511																											21.4163482	41.9922398
node/1752186795				restaurant			?????	Acorde																										21.4086601	41.9972291
node/1768193993				restaurant		Baba Cana	???? ????																											21.7204006	42.1365224
node/1770866402		1000	T.C Bunjakovec prv kat lok 36	restaurant	pizza		???????? ????????							38970567295																				21.4207447	41.9987097
node/1776012307				restaurant		Korner	??????																											21.7318423	42.1235585
node/1790311348				restaurant	regional		???????? ????? - Restaurant SONCE																											22.819584	41.3811426
node/1790358588				restaurant																														22.8155652	41.3818009
node/1790358591				restaurant																														22.798482	41.3790614
node/1791514947				restaurant																														22.8810812	41.4130818
node/1791514950				restaurant																														22.882079	41.4128968
node/1791514952				restaurant																														22.8808076	41.4126312
node/1791534874				restaurant																														22.7547196	41.3827929
node/1791588304				restaurant																														22.625661	41.4072696
node/1791598024				restaurant			????? ???????	Hotel Istatov				wlan																						22.6991213	41.2271802
node/1791598062				restaurant																														22.7425087	41.1725775
node/1794219941				restaurant		Rim-Pariz	???-?????																											21.7181577	42.1317263
node/1848409293				restaurant			?????????																											21.4456487	41.9775109
node/1850422186				restaurant																														21.450695	42.0523407
node/1850489869				restaurant			???????? „??????????“																											21.4514149	42.0578588
node/1850521527				restaurant			??????																											21.4523161	42.0537503
node/1857486052				restaurant	barbecue		???? - ?????	Tica-Eleni																										21.4647397	42.0019716
node/1860123667				restaurant	barbecue																													21.4650824	42.0019424
node/1867176020				restaurant	international	Trend	?????	Trend			limited																							21.4304595	41.9957062
node/1868812117	C?o?je	1000	???????? ????????????	restaurant	barbecue		??????		Mo-Su 09:00-23:00	https://destan.mk/pocetna/				38923127324				yes	separated															21.4204158	41.9987513
node/1868812169				restaurant	barbecue		??? ??????																											21.3995909	42.0034064
node/1868933572				restaurant	macedonian		?????																											21.3992299	42.0017742
node/1874196851				restaurant	regional		????????? ?????																											22.3532041	42.0371055
node/1911713227				restaurant	regional																													22.2263765	41.4106825
node/1911952177				restaurant	regional	?????? ????	?????? ????																											22.1994416	41.1775397
node/1911952203				restaurant	regional	Markovo Ba?ilo	??????? ??????																											22.2108324	41.1690988
node/1920228869				restaurant	fish	????	Park																											22.1639057	42.1826707
node/1920229092				restaurant	fish	Gogo Mond	???? ????																											22.0980414	42.1712493
node/1927095420				restaurant			Piaza Liberta																											22.1937687	41.7376171
node/1969643792				restaurant	fish	Izvor	?????	Izvor								+389 45 275 200	+389 78 281 261											+388 70 950 009						21.2205193	41.6150472
node/1985948203				restaurant	italian		Balila																											21.416522	41.9922245
node/1999633538				restaurant			?????? - ???????	Food Court Ramstore																										21.4280088	41.9913688
node/1999950854				restaurant	grill;regional		Urban Grill																											22.2452001	41.4084933
node/1999950860				restaurant			Kaj Kole																											22.2432474	41.4098411
node/1999950870				restaurant	pizza;regional		Lovec						?????																					22.2439153	41.4092999
node/1999950889				restaurant			Queen Maria																											22.2329754	41.4141902
node/2105387352	??????		???? ???????	restaurant		Brukilnski	??????????	Bruklinski			limited			+389 2 6091844				yes	separated															21.4252581	42.0001581
node/2159535851	C?o?je	1000	??? 13 ???????	restaurant	international		???? ?????	Bella Vista	"10:00-24:00, Fr-Sa 10:00-01:00"	www.bellavistaskopje.mk																								21.4347685	41.9953199
node/2248576375				restaurant		Straža	??????	Strazha																										20.8544996	41.6714632
node/2292333295				restaurant			??????																											21.5546262	41.3459768
node/2292437665				restaurant			???? ??????	Pink Panter			limited																							21.5543097	41.3453989
node/2292486455				restaurant		Paradizo	????????	Paradizo			yes																							21.5543797	41.3460137
node/2294320125				restaurant			??? ?????	Dva Elena																										21.4080594	41.993167
node/2316032925				restaurant			?????????? ????																											20.8016318	41.076418
node/2316119134				restaurant			?????																											22.4104224	41.9176668
node/2316156248				restaurant	pizza		Pizza Metro																											21.3356564	41.0295644
node/2316156279				restaurant			???????? ???																											21.3368286	41.0256207
node/2320912360				restaurant			Aquarium																											22.4104385	41.9172558
node/2320912421				restaurant			Balkanlux																											22.4102588	41.918076
node/2320923929				restaurant			Bakery Kamel																											22.4101783	41.9187207
node/2322886873				restaurant	regional	Arabeska	????????	Arabesque																										21.4302915	41.9952825
node/2324290153				restaurant	macedonian	Oreov Lad	????? ???	Oreov Lad																										21.3323916	42.003391
node/2324482598				restaurant																														22.5037713	41.1404895
node/2333163643				restaurant	regional		????? ?????																											21.2993843	41.9502955
node/2334423406				restaurant	regional		??????????? ???????																											21.2961533	41.9610975
node/2349862721				restaurant																														21.100296	42.1441306
node/2357239839				restaurant	italian;pizza;regional		Gallery																											20.9594822	41.5118075
node/2360748743				restaurant			???-3																											22.5011779	41.146047
node/2377937978				restaurant			Restoran Gros																											20.8123651	41.1084477
node/2377938382				restaurant			???????? ????????? ??????	Biljanini Izvori Restaurant																										20.8148703	41.1028959
node/2377968960				restaurant																														20.8086261	41.1127562
node/2377968987				restaurant																														20.8091572	41.1120004
node/2377969305				restaurant				Lihnidos																										20.7987652	41.1126257
node/2377969373				restaurant																														20.8079475	41.104151
node/2387561655				restaurant	regional		Atva																											20.9508952	41.5115542
node/2406002719	????????	MK-2400	???? ??????	restaurant	regional		????																											22.6452777	41.4378354
node/2411306190				restaurant		Javor Agapi	????? ?????	Javor Agapi																										22.4963093	41.1622759
node/2411329687				restaurant	fish		???																											21.4117168	42.0131608
node/2465901189			Neretva	restaurant	regional		Loven Dom																											22.6328921	41.4352537
node/2477123089				restaurant	regional	Etno Selo	???? ????	Etno Village																										21.862568	42.1574944
node/2477129912				restaurant	fish		Fratelis																											21.8645555	42.1324603
node/2535205987				restaurant			Buki																											22.0130335	41.4327641
node/2557554508				restaurant		Idila	?????	Idila																										22.9422359	41.7297622
node/2574272022	????? ???????		Konopnica	restaurant	regional		?????																						150					22.3059103	42.1902652
node/2574272026	Kriva Palanka	1330		restaurant	regional		??????																											22.3089155	42.192289
node/2578029326	????? ???????	1330	Marshal Tito	restaurant	regional		??????????																											22.3466279	42.2123127
node/2580192144				restaurant		Gradina	???????	Gradina																										21.4727082	41.9650429
node/2759066732				restaurant	regional		?????????	Belvedere											outside															20.8011769	41.1123103
node/2818872887	C?o?je	1000	?????? ?????????? ?????	restaurant		Soka?e	??????	Sokache	08:00 - 00:00																									21.4145137	42.0051241
node/2835853871	??????		??????????	restaurant	regional		Emka												yes															20.958638	41.986155
node/2836787194				restaurant																														20.9426914	42.0062579
node/2883877896				restaurant			Every Day																											21.4522729	41.9914536
node/2891531722				restaurant			?????																											22.5889401	42.0244107
node/2891533000				restaurant	regional		Osmica																											22.587663	42.0179585
node/2891537201				restaurant	balkan;regional		"""Kaj Govedoto"" Restaurant"											yes	isolated	yes									100	no				22.5914449	42.0170338
node/2893230086				restaurant																														21.4579528	41.041597
node/2905985671				restaurant	regional;pizza;kebab;chicken		Shizik Restaurant											yes	outside	yes										yes				22.5886582	42.0178835
node/2905985814				restaurant	kebab;regional;barbecue		"""Koko"" Restaurant"											yes	outside										100	yes				22.5899229	42.0195336
node/2984088703				restaurant			Prestol		07:00-21:00	http://www.hotelprestol.com		wlan		+389 46277858																	3			20.8016787	41.0678423
node/2992064333				restaurant			Granit			http://www.hotelgranit.com.mk		wlan		+389 46207100	reservation@hotelgranit.com.mk																4			20.8009009	41.0666434
node/3005348015				restaurant																														20.8006074	41.1163875
node/3005348016				restaurant			Meydan																											20.8002909	41.116341
node/3020876346				restaurant		Staro Bure	????? ????	Staro Bure																										21.3236858	42.0597023
node/3026939349				restaurant																														20.599321	41.6107279
node/3026939356				restaurant																														20.7583652	41.7030313
node/3062640565				restaurant	regional																													21.264369	41.0314361
node/3085981445				restaurant	Spécialités_Locales		Dva Bisera																											20.8031982	41.0459402
node/3100113750	?????	6000	??????? ??????	restaurant	regional		?op???a	Fortuna	Mo-Su 07:00-24:00										outside															20.8026136	41.1140172
node/3101726040	C?o?je	1000	????????	restaurant	regional		??????? ??	Beerhouse AN	Mo-Sa 09:00-24:00; Su 12:00-24:00	http://pivnicaan.mk/		wlan		+389 02 321 2111	pivnicaan@yahoo.com			yes	separated		yes	yes		yes	yes	yes								21.4366005	42.0000179
node/3109618758				restaurant																														22.5004906	41.1429058
node/3162746561	Radovis	2420	??? ???????	restaurant	italian		Target				no							yes	no	no														22.460188	41.639759
node/3162749461	Radovis	2420	??? 8?? ?????????	restaurant	italian		Jocker pizza				no	wlan						yes	no	yes														22.460412	41.640957
node/3162751061	Radovis	2420	??? 8?? ?????????	restaurant	italian		Getsbi pizza				no							yes	no	yes														22.461378	41.640184
node/3162755761	Radovis	2420	?????????	restaurant	barbecue		Vrteska				no	no						no	no	no														22.465724	41.634656
node/3162763261				restaurant	barbecue		Gone				yes	no						no	no	yes														22.4648612	41.6332038
node/3162772765				restaurant	barbecue		Sopka					no						yes	no	yes														22.46449	41.633496
node/3162773865				restaurant	barbecue						no	no						no	no	yes														22.46373	41.635577
node/3162778861				restaurant	barbecue		Karagjoz				limited							yes	no	yes														22.462943	41.636566
node/3162791061				restaurant	barbecue		Magmar											no	no															22.44631	41.629596
node/3162794862				restaurant	barbecue		Beverli hils											no	no	yes														22.461327	41.639065
node/3162794863				restaurant	barbecue		Shona					no						yes	no	yes														22.462186	41.639133
node/3162794961				restaurant	italian		Santa Maria pizza																											22.456789	41.633895
node/3162795861				restaurant	regional		Makedonsko Sonce					no						no	no	yes														22.463272	41.637611
node/3162796461				restaurant	barbecue		Lastik											no	no	yes														22.462199	41.63925
node/3187744343				restaurant	barbecue							wlan						no	no	yes														22.46373	41.63951
node/3187744351				restaurant	barbecue		Lipa					no						yes	no	yes														22.465528	41.637782
node/3187745933				restaurant	barbecue		Maslac					no						yes	no	yes														22.46306	41.638767
node/3187758521				restaurant	barbecue							no						no	no	yes														22.460403	41.638283
node/3341289789	??????	1000	??????????	restaurant			Damaskino																											21.4297981	41.9925716
node/3415004757				restaurant																														21.4510186	42.0618189
node/3428427693				restaurant	italian		Pizzeria Americano					wlan						yes	outside															20.800047	41.11542
node/3428428993				restaurant			Cuna																											20.800088	41.115966
node/3484100384	??????			restaurant			Dal Fufo - Galija																											21.4231542	41.9917018
node/3505013893	??????	1000	11 ????????	restaurant	kebab		Destan		08:00-23:00		yes							yes	separated															21.4319604	41.9947506
node/3505013993	??????	1000	11 ????????	restaurant	italian	La Terrazza	?? ??????		"08:00-24:00, Fr-Sa 08:00-01:00"		yes			+389 2 3113380				yes	separated															21.4317257	41.9950911
node/3506695093				restaurant	italian		Brooklyn Lounge Bar		08:00-00:00; Fr-Sa 08:00-01:00		yes							yes	separated															21.3910004	42.0045421
node/3536179577		1000	?????????? ???????? ?????????	restaurant			??????????	Nostalgija				wlan		38923060708																				21.4099065	41.9953743
node/3647039848				restaurant			Exclusive																											21.733628	42.1208566
node/3647048030				restaurant		Terazza	??????																											21.7448727	42.1214792
node/3648714485	C?o?je	1000	??????? 8-?? ?????????	restaurant			????????	Barbakan	08:00-01:00									yes																21.4063144	42.0062651
node/3664638120				restaurant			????? ????	Pilav Tepe																										22.3171977	41.6245987
node/3671888433				restaurant			?????																											20.8820185	42.0113442
node/3695356159	???????	2320	?. ?. ????????	restaurant	regional		???????? ??????	Restaurant Libero											outside															22.775975	41.9670002
node/3696549082				restaurant			??????	Antika																										22.7727421	41.9665628
node/3696549083	???????	2320	?. ?. ????????	restaurant			??? ??????	Kaj Bubeto																										22.7743723	41.9671309
node/3696549088	???????	2320	?????? ????	restaurant	pizza		???????? ?????	Pizza bar Palma				wlan																						22.7714652	41.9655104
node/3696549089	???????	2320	?. ?. ????????	restaurant	pizza		????????	Pizza bar Panorama																										22.7756155	41.9667157
node/3696549091				restaurant			???????? Iceberg	Pizza bar - Iceberg																										22.7729809	41.9663111
node/3696549092				restaurant			?????	Vigor																										22.7732345	41.9664629
node/3699318356				restaurant			???????? ????	Restaurant Trla																										22.772658	41.9641901
node/3699318369				restaurant			Gostilnica Zvon-Trejd	Kaj Moco				wlan																						22.7736839	41.963414
node/3707090923				restaurant	regional		????? ??? ????																											21.4170693	41.997226
node/3725959075				restaurant																														20.7458417	40.9154158
node/3751301960				restaurant	regional		???????? ????	Restaurant Bella																										21.4591155	41.9191256
node/3784770415				restaurant			?????????																											22.6153456	41.5162501
node/3786106943				restaurant			??????																											22.2451062	41.6337365
node/3822688281				restaurant			??? ????	Kaj Chome																										21.2166228	41.5068787
node/3826400404				restaurant			???????	Riviera																										20.801555	41.1119481
node/3826400416				restaurant			?? ????	La Bella																										20.8039749	41.1104511
node/3826400434				restaurant			Royal View																											20.8052329	41.109536
node/3830455732				restaurant			Pizza Amica																											21.4725098	41.9824716
node/3832475135				restaurant			?????																											21.4427246	41.9922973
node/3832475147				restaurant			??? ?????																											21.4422139	41.9922032
node/3832555934				restaurant			????? ???? ?????	Dedo Ilija																										21.2494143	41.545315
node/3909066219				restaurant			??? ?????																											21.4010837	42.0084895
node/3921774262				restaurant	italian		casa leone																											20.8866832	42.0138371
node/3930911802	Tetovo	1200	?????? ????	restaurant	pizza		Restaurant Sirena		07:00- 24:00					+389 44 335 701					isolated	yes									150	no				20.9750309	42.0077518
node/3932033588				restaurant	pizza		Ribimiluss																											21.4037096	42.0818924
node/3951819586				restaurant	regional		??????		9:00-24:00		limited	yes							no															21.4093282	41.9748528
node/4004645106	C?o?je	1000	?????? ?????	restaurant	chinese	Peking Garden	?????? ??????		Mo-Sa 11:00-24:00; Su 12:00-23:00	www.pekinggarden.mk				+389 2 3221173	reservation@pekinggarden.mk																			21.4301301	41.9957324
node/4016557277	Skopje	1000	Boulevard Jane Sandanski	restaurant	italian		Campione lounge Bar		Mo-Su 08:00-01:00					+389 70 250 261																				21.4667276	41.9856123
node/4016557278	Skopje	1000	Boulevard Jane Sandanski	restaurant	french		DejaVu Lounge		Mo-Su 08:00-01:00																									21.4661426	41.9859376
node/4101107990			????? ???????	restaurant			Makedonska sofra		Mo-Sa 08:00-01:00			wlan		38978929010																				21.4365756	41.9871974
node/4110147399				restaurant	balkan		???? ????? ???? ?????																											21.4448873	42.1382444
node/4126731965				restaurant	international		Sky ??????????	Sky Restaurant																										21.434577	41.9973163
node/4149490289	??????	1000	??????????	restaurant	mexican		Amigos ??????????? ???????	Amigos Mexican Cantina	"Mo-Th 08:00-24:00, Fr,Sa 08:00-01:00, Su 10:00-24:00"	http://www.amigos.com.mk/	yes			+389 71 230314	info@amigos.com.mk			yes	outside	yes														21.4300742	41.9933026
node/4154573189				restaurant	burger;sandwich;breakfast;ice_cream;tea;cake;coffee_shop;pasta;pizza;diner		Era		Mo-Su 09:00-24:00			wlan																						20.9614188	41.9995695
node/4154574089				restaurant	burger;sandwich;ice_cream;grill;cake;coffee_shop;pasta;greek;balkan;pancake;pizza;fish_and_chips;diner;italian_pizza;fish;hot_dog;breakfast;tea;italian		Restaurant Boss		24-Jul			wlan	????????? ????																					20.961125	41.9976539
node/4180615629				restaurant																														21.13865	40.893731
node/4190335990				restaurant			Restaurant Oaza																											20.9734955	41.8453568
node/4194683692				restaurant																														22.5224464	41.147343
node/4195733217	C?o?je	1000	??? 13 ???????	restaurant	international		???? ?????	Soul-Kitchen	"Mo-Th 08:00-24:00, Fr,Sa 08:00-01:00, Su 10:00-24:00"									yes	outside															21.4338587	41.9955972
node/4239053639				restaurant			Beta																						600					21.4307185	42.0229923
node/4247199848				restaurant	sandwich;balkan;breakfast;pizza;kebab;local;pasta;coffee_shop;ice_cream		Classic Restaurant		Mo-Su 07:00-00:00			wlan																						22.1911884	41.7375454
node/4252577296				restaurant			Via Ignatia																											20.5959852	41.2357204
node/4253086993		6000	7 ???????	restaurant			Dr. Falafel		"Mo-Sa 09:30-22:30, Su 16:00-23:00"					+389 77 897 167																				20.8011081	41.1166205
node/4253210327				restaurant			?????? ??????																											21.4212497	41.9495659
node/4267161773				restaurant			Restaurant Emporium		"Mo-Th 08:00-24:00, Fr-Sa 08:00-01:00, Su 08:00-24:00"					+389 78 388 265																				20.9894268	42.0041795
node/4267660935				restaurant	steak_house		Fontana Grill		Mo-Su 08:00-24:00					+389 70 664 471																				20.989468	42.0042478
node/4270352289		1300	??. ????? ? ???????	restaurant	burger;sandwich;regional;international;grill;coffee_shop;pasta;balkan;pancake;pizza;fish_and_chips;diner;chicken;italian_pizza;fish;seafood;mediterranean;italian;fine_dining		Restoran Prado		Mo-Th 08:00-24:00; Fr-Sa 08:00-01:00; Su 10:00-24:00	https://m.facebook.com/prado.kumanovo/		wlan		38931430100																				21.7206493	42.1320465
node/4275843195				restaurant			?????																											21.4160063	41.9969599
node/4283863605				restaurant			???????? ??????																											20.7972577	41.1124024
node/4292369647				restaurant	chicken;kebab;grill;local;balkan		Kaj Dzek					wlan																						21.6186125	41.9371686
node/4302211290				restaurant	fish		????																											21.4002154	42.0030463
node/4315772629				restaurant			Vavilon																											21.34668	41.0130595
node/4318054807				restaurant	fish		Elita																											22.6366903	41.231591
node/4318400296			??????? ?????	restaurant			?????? ???????																											21.4655483	41.9915744
node/4327921318				restaurant	thai		Thong Thai		Sa-Su 10:00-01:00					38971661234					outside	yes														21.3986642	42.0034137
node/4346542839				restaurant			"Lounge Bar & Restaurant ""Square 21"""					wlan																						21.4301208	41.9927317
node/4347356991			?????? ??????	restaurant	balkan		??????	Cardak		http://www.cardak.mk		wlan	??????	38978465474	info@cardak.mk																			22.8581787	41.7058839
node/4355675606				restaurant			???????? ???????																											21.4826074	41.9788465
node/4356193798				restaurant			???????????? ????						???????????? ????																					22.1966748	41.7388546
node/4360780391				restaurant	regional		??????? ????? ??????			https://www.facebook.com/DomasnakujnaPreciz-109208438394027/			??????? ????? ??????																					22.1926047	41.7369559
node/4360781689				restaurant			????																											22.1922397	41.7382087
node/4363534190				restaurant																														22.1903941	41.737641
node/4375878893		1200		restaurant			11					wlan	11																					20.9746292	42.0073877
node/4376827005				restaurant			???? 2	Bane 2																										20.804929	41.0035617
node/4380494182	??????	7500	????? ?????????-?????	restaurant	barbeque		????? ??????	Skara Stojche					????? ??????	38948419100																				21.552257	41.3431784
node/4405634704				restaurant			???????? ??? ?????																											20.7573957	41.7018616
node/4406532855				restaurant	local		???? ???????	Vila Veranda											outside															21.3679919	41.9953546
node/4407370494				restaurant			???????????	equestrian				wlan	???????????																					21.4520843	41.9883207
node/4408677899				restaurant			??? ????? ????																											20.756666	41.7014251
node/4422047259				restaurant			???? ????																											21.0067043	41.1085785
node/4429141992				restaurant			Brioni 2008	Brioni 2008					Brioni 2008																					20.7986796	41.1168867
node/4429142391				restaurant			Exclusive Art Cuisine	Exklusive Art Cuisine					Exklusive Art Cuisine																					20.7985841	41.1169309
node/4430465598	Tetovo	1220;1200	Ilindenska	restaurant			?????? - ?????? ?? ?????????	KUBIKS - Animation Studios	24-Jul	http://www.kub-x.com/	limited	no																						20.971466	42.008963
node/4436518191				restaurant			Kaj Serdarot						Kaj Cerdarot																					21.4362461	41.9996618
node/4436534289				restaurant			Destan						Destan																					21.436081	41.9996701
node/4436534489				restaurant			????????? ?????	Austrian Palace					Austrian Palace																					21.4355402	41.9994953
node/4448736389				restaurant			????????	Chamovski					????????																					22.6433683	41.4433529
node/4457471314				restaurant			Royal Food Zlate																											21.5888229	41.9864102
node/4459578969	C?o?je	1000	??? 13 ???????	restaurant	international	Amica	?????																											21.4355402	41.9949989
node/4471884330				restaurant	international;italian;fish		Four					wlan						yes	outside															21.427293	42.0059792
node/4481662566				restaurant	italian	Dion	????																											21.4335119	41.995703
node/4489456010	Mavrovo and Rostushe	1254		restaurant	regional;coffee_shop;sandwich;ice_cream;international;turkish;steak_house		House of Miyaks Ethno Restaurant		Mo-Su 09:00-21:00	http://kukjanamijacite.mk	yes	wlan	???? ?? ????????	+389 070 378 333	contact@kukjanamijacite.mk			yes	isolated	yes									200					20.607177	41.6226607
node/4491144570	C?o?je	1000	?????? ????????	restaurant	regional;international;barbecue		???????? ???? ????	Restaurant Bure Srna	Mo-Su 08:00-00:00	https://buresrna.mk/		wlan		38923066676				yes	outside	yes														21.3936186	42.0045887
node/4502450789		1221	101	restaurant			Restoran Elita	Restaurant Elita					Restoran Elita																					20.9272881	41.9444009
node/4502463695				restaurant			Nes Komerc	Nes Komerc					Nes Komerc																					20.9398801	41.976507
node/4502469595				restaurant			Niki	Niki					Niki																					20.929929	41.9485098
node/4530818689		2400	Smolare	restaurant	fish;barbecue;local;grill		???????? ???????? ????????? ???????	Restaurant AtlantiS Smolare Waterfall	Mo-Su 10:00-22:00	http://www.atlantis.mk		wlan	???????? ???????? ????????? ???????	38978314212	manager@atlantis.com.mk																			22.90042	41.3709709
node/4532522589			rruga Liqenit	restaurant			Drilon	Drilon	24-Jul			wlan	Drilon																					20.5226109	41.5101027
node/4552084306				restaurant	regional		??? ???? ?? ????																											21.4648097	42.0030521
node/4587348695				restaurant			???????? ?????	Restoran Cucla					???????? ?????																					21.0514706	42.0755301
node/4594264491				restaurant			???????? ????	Restoran Trio					???????? ????																					21.0512358	42.072656
node/4602841983	Kriva Palanka	1330	Marshal Tito	restaurant	regional		Restaurant Osogovec						????????? ????????					terrace	isolated	yes									100	no				22.3355793	42.2027771
node/4614149399				restaurant			?????? ???																											20.8375411	41.765046
node/4614149418				restaurant			????????																											20.8363637	41.7653321
node/4642412989				restaurant			Beach Bar Mystic											yes																20.9142257	40.9391426
node/4650542892			??????? ??????	restaurant			?????????? ?????	Gostilnica Sofra																										21.5078989	41.9932328
node/4650625589				restaurant			???????? ?????????	Picerija Kremisimo																										21.5099084	41.9951884
node/4683222726	Delchevo	2320	Road Route A3	restaurant	seafood		?????? ????????	Vodenica Fish Restaurant	08:00 - 00:00									yes	outside	yes									100	yes				22.8186239	41.9752689
node/4690435191				restaurant	fish			Galija																										20.6512188	41.151185
node/4718381271	?????????		?????? ????	restaurant	regional		Restoran Sarisa							+389 78717607																				22.4988477	41.1373679
node/4720703993		1000		restaurant			Dojrana Skopje						???????																					21.4600445	41.9978436
node/4726508989		1200	Gostivarska bb	restaurant	balkan			Evergreen	Mo-Su 07:00-00:00			wlan																						20.959654	41.9890195
node/4740748226				restaurant			????? ???????	Jazbinje House					????? ???????																					21.6126147	41.9953625
node/4741046037				restaurant			Vodenicata 3																											22.3598489	42.19038
node/4746796221		1250	Velko Vlahoviq bb Debar	restaurant	fish;burger;sandwich;breakfast;ice_cream;grill;cake;steak_house;pasta;balkan;diner;barbecue		???????? ??????	Restaurant Gramoz	Mo-Su 08:00-11:00			wlan	???????? ??????	38970241533	ilirxhara@msn.com																			20.5266276	41.5215391
node/4753448922				restaurant			Ultra	Ultra	Mo-Sa 08:00-24:00				Ultra																					20.9602367	41.9912803
node/4771141151				restaurant			Riben Restoran Bigor																											20.8459093	41.7704206
node/4804666922				restaurant	local		Vila Raskrsnica																											21.1624357	40.9075981
node/4842050522				restaurant			Royal Lounge Bar						Royal Lounge Bar																					22.336137	42.205828
node/4879772021				restaurant			?????????	Gladiator																										20.7934666	41.1148473
node/4884870821				restaurant																														20.7430881	40.9146267
node/4884870823				restaurant			??? ???????	Kaj Kanevche																										20.790543	41.1109837
node/4884908023				restaurant			????? ????	St. Nahum																										20.7410279	40.9141308
node/4912937822				restaurant			???????? ?????						???????? ?????																					20.9756816	42.009057
node/4912996422				restaurant			???????? ???????? ????						???????? ???????? ????																					20.9758291	42.0089945
node/4912996423				restaurant			????-???????? ????? ?????						????-???????? ????? ?????																					20.9758432	42.0095705
node/4915240923				restaurant			?????? ?????????	Garden Restaurant					?????? ?????????																					20.9805382	42.0069026
node/4935294926				restaurant																														21.4451457	42.0123976
node/4945457423				restaurant			Proper	Proper					Proper																					21.0571809	40.9721129
node/4976334922				restaurant			?'?? ?? ???	T'ga za jug					?'?? ?? ???																					21.4640869	41.9913259
node/4982232721				restaurant				BistRaw	Mo-Fr 12:00-20:00																									21.4238693	41.9988648
node/4986923021				restaurant			?????	Porta					?????																					20.7982792	41.112178
node/4990142138			????????	restaurant			??????						??????																					21.4412533	42.0195979
node/4993144523				restaurant		Dalga	?????																											20.7969483	41.1118507
node/4994992928				restaurant																														20.7820426	40.9615088
node/5000781021				restaurant					Mo-Su 08:00-01:00			wlan																						20.7334682	41.661514
node/5019758021				restaurant			????	Park																										21.4280925	42.0039853
node/5033108253	C?o?je	1000	?????????	restaurant	burger;coffee_shop;sandwich;ice_cream		???????		Monday- Satudray 09:00-24:00									yes	outside	yes									100					21.4191901	42.0005946
node/5064700321	?????????		Ul ????????? ???	restaurant			??????	Alikas					??????																					21.404415	42.0353232
node/5072397092				restaurant			???????? ????????	Pizza Familija																										21.4633394	41.9914306
node/5074216083				restaurant			Er & Bi			www.erbi.com.mk					contact@erbi.com.mk	+389 71 20 20 01	+389 71 20 20 02																	21.316191	41.9908973
node/5075880321			Naum Ohridski	restaurant			??? ??? ????? ??????	Giovani Beach Lounge Bar	Mo-Sa 08:00-01:00; Su 09:00-00:00			wlan	??? ??? ????? ??????	70230030	beachgiovani@gmail.com																			20.799108	41.0902867
node/5075885521				restaurant			Salomon fud						Salomon fud																					22.6388602	41.4409617
node/5101621121		1000	??????? ????? ??????	restaurant				GARDEN	Mo-Su 09:00-00:00			wlan		+389 78 239 711																				21.3328887	42.0068376
node/5107879522				restaurant	balkan;italian			Saraishte																										20.7954009	41.1121065
node/5108011329				restaurant	balkan;italian			Noa				wlan																						20.7971539	41.1118748
node/5123724239				restaurant			???? ?????	Green Village	Mo-Su 11:00-23:00																									21.5712443	41.9150979
node/5131832941	C?o?je	1000	???? ?????	restaurant	grill		7 ????? ????????	7 Grill Restaurant	Mo-Th 08:00-24:00; Sa 08:00-01:00	http://7.mk/skara-restoran/				38923224000	info@7.mk			yes		yes														21.4277405	41.9948346
node/5154732322				restaurant	pizza			Ellite Pizza				wlan																						22.3298813	42.1994853
node/5160613722	C?o?je	1000	??????? ?????? ?????????? ????	restaurant			???? ???	Meze Bar	Fr-Su 08:00-01:00; Su 08:00-17:00; Mo-Th 08:00-00:00	https://www.facebook.com/mezebarskopjanka/		wlan		38926121214																				21.4492023	41.9899769
node/5184727125		1000	??????? ????? ??????	restaurant			Ubac					wlan		38972555005																				21.3678533	42.0084679
node/5224224121		1000		restaurant			Gostilnica Gurman	guest house Gurman	Mo-Su 07:00-22:00			wlan		38923176200	ristovskidac@yahoo.com																			21.4223088	41.9916485
node/5235173522				restaurant					Mo-Su 09:00-01:00			wlan																						22.5015157	41.141866
node/5246219203				restaurant	macedonian		???? ????	Baba Cana																										21.4193986	41.9868025
node/5268700370	C?o?je	1000	?????? ????????	restaurant	pizza		Pizza Jakomo			http://www.pizzajakomo.com/				+37976338668;+38978338668				yes												yes				21.3931934	42.0044372
node/5289706561				restaurant			Star Ocean																											21.4276864	41.9913338
node/5292130848				restaurant			Fitness house																											21.4149006	42.0005187
node/5321194052	???????	2320	???. ?????? ???????? ?????	restaurant			??? ????	Dve Lipi		https://www.facebook.com/meanadvelipi/								yes																22.7742657	41.9654757
node/5334903322			??????????	restaurant			???? ?????	Old Fox				wlan		38970756364																				22.3309502	42.2075328
node/5334903323			????? ?????? ?????????	restaurant			????????	Akvarium	24-Jul			wlan																						22.335623	42.2026632
node/5448461621		7000	???????????	restaurant			???????	Skandal																										21.3412151	41.0236829
node/5448461921		6000	??? ??????	restaurant	italian_pizza		???? ???????????	Pizza Aleksandrija	Su-Th 09:00-00:00; Fr-Sa 09:00-01:00	http://www.pizzanemo.com		wlan		+389 46 253 355	contact@pizzanemo.com																			20.7981623	41.1122361
node/5467884712				restaurant			Segreto Plus																							yes				21.4808444	41.9837709
node/5548809221				restaurant	local;barbecue		??? ????????	Kaj Serdarot										yes																21.4366123	41.9995926
node/5561692079				restaurant			????????																											21.4565032	41.9729164
node/5572053321		1000	????? ?????	restaurant	chicken;diner;beef_bowl;american;ice_cream;local;tea;pizza;burger;cake;pasta;french;italian_pizza;seafood;crepe;pancake;sandwich;coffee_shop;balkan;mediterranean;croatian;fish;kebab;breakfast;grill		????? ?????	Debar Maalo	Su-Th 08:00-00:30; Fr-Sa 08:00-01:00			wlan		38976219654																				21.4205747	42.0013292
node/5599976622				restaurant			Mermaid Terrace						??????? ?????																					20.7824024	40.9617356
node/5601865131				restaurant																														20.8012888	41.0653986
node/5602643621				restaurant			Pizza Aleksandrija																											20.7980562	41.1121475
node/5614557098				restaurant			????????? ????	Osogovska Kukja																										22.3572149	41.9945499
node/5624670966		1000	??????? ???????	restaurant	balkan		??? ???? ???	MCM Meze Bar	24-Jul			wlan		38970250420	mezebarmcm@gmail.com																			21.4235595	42.0023813
node/5624682355				restaurant			?????????	Kostarika																										21.4239655	42.0028235
node/5624682356				restaurant			?????????	Kalabalak																										21.4242333	42.003366
node/5624682357				restaurant			????? ?????	Staro Skupi																										21.4240111	42.0028813
node/5624682358				restaurant	pizza		????????	Zanzibar																										21.4240218	42.0030128
node/5625300121				restaurant	balkan			Petrol Company Restaurant				wlan																						21.0274021	41.9941572
node/5625896923				restaurant	regional			Adana II				wlan																						20.7992364	41.1166966
node/5626432520				restaurant			???????	Idadija																										21.4210921	42.0013712
node/5626433431				restaurant			?????	Nadzak																										21.4214837	42.001453
node/5626433457				restaurant			Zing	Fruti Di Mare																										21.4206632	42.0010941
node/5626433480				restaurant			????? ?????	Gostilnica Ilinden																										21.420049	42.0007591
node/5626433502				restaurant			??? ????	Kaj Pero																										21.4208615	42.0014888
node/5672618724				restaurant			????????																											21.7282115	42.1333614
node/5692608680				restaurant	kebab		Gostilnica Estel											yes																21.4236496	41.9990664
node/5720921825				restaurant																														20.742799	40.9147002
node/5747737260				restaurant			????? ?????	Hotel Gogov																										22.8869357	41.7619502
node/5747987432				restaurant				Klepalo																										22.9686915	41.6570517
node/5761128522				restaurant			???? ?????	Old sokac																										21.0130069	41.0913864
node/5770427174				restaurant			Aleksandrija																											21.3740403	42.0063483
node/5772884450				restaurant			Ambrella											yes																21.7131719	42.1333475
node/5777115753		1220	???? ??????	restaurant	fish;regional;international;ice_cream;crepe;seafood;coffee_shop;steak_house;balkan;pancake;pizza;diner;chicken		???????	BELAMIA	Mo-Su 09:00-23:00	http://belamia.mk		wlan		38944331332	bela_mia2004@yahoo.com																			20.9660018	42.0133094
node/5789449053				restaurant	local		?????? ?????	SNOSTI MINAV				wlan																						21.4361151	41.9995917
node/5798861909				restaurant																														21.5161585	41.9392561
node/5798868260				restaurant			??????????? ??? ????????																											21.4237345	41.7918174
node/5798897067				restaurant																														21.3215065	41.4864416
node/5798911922				restaurant																														20.7372293	41.6492257
node/5798936014				restaurant			????????? ???? ???	Restaurant Vita Abi																										20.9082428	41.7922445
node/5803571454				restaurant																														22.9390355	41.3951875
node/5807750050				restaurant																														21.4367281	41.995288
node/5810248383				restaurant			??? ?????																											20.7833664	40.9621226
node/5813417254		1000	????? ?????	restaurant	savory_pancakes;german;chicken;diner;american;local;barbecue;tea;fine_dining;cake;pasta;international;french;greek;seafood;fish_and_chips;pancake;sandwich;coffee_shop;balkan;mediterranean;croatian;ramen;turkish;fish;kebab;grill		"?????? ""????? ?????"""	"Kafana ""Debar Maalo"""	Mo-Th 08:00-00:00; Fr-Su 08:00-01:00			wlan		38971279660																				21.4200655	42.0009079
node/5830234866				restaurant			Fish Grill (Macedonian Cave Restaurant)		Mo-Su 09:00-21:00									yes																21.2952137	41.96002
node/5832017571				restaurant	regional		Restauran Korab Trnica											yes																20.6885837	41.7096884
node/5833924459				restaurant			Glamour																											20.7362858	41.6510336
node/5833924638				restaurant																														20.6520247	41.5946328
node/5834871868				restaurant																														20.6356959	41.2541143
node/5834871927				restaurant			Grand restaurant																											20.6516188	41.2239348
node/5840484087				restaurant	macedonian		????																											21.4001853	42.0031615
node/5841843562				restaurant			Magic Food																											21.5554324	41.3459748
node/5849887489				restaurant				Beliza																										21.25468	41.6798669
node/5853269557				restaurant			Terasa Utarna																											20.8125826	41.0544299
node/5890717249				restaurant	italian		Ristorante Stazione																											20.807528	41.1069789
node/5893990785				restaurant				Fish house Delfin																										20.981323	41.8578789
node/5896644185		6036	Kuratica	restaurant	balkan		Dedo Dimo	Dedo (Grandfather) Dimo	Mo-Su 12:00-00:00	http://www.dedodimo.mk		wlan		38946279595	dimodedo@yahoo.com																			20.8894257	41.2434073
node/5897434185				restaurant			???????? ????????	Restoran Panorama	Mo-Su 07:00-23:55																									20.8157042	41.1259308
node/5911332251				restaurant	fish	Riben Restoran Dobrenoec	????? ???????? ?????????	Fish Restaurant Dobrenoec																										20.8839683	41.5106535
node/5911332404				restaurant			?????	Furna																										20.8928941	41.5034917
node/5926230349				restaurant	fish		?????? ???????? ???????	Fish Restaurant Omorani																										21.6320595	41.5475438
node/5942100285				restaurant			"Restaurant ""Pod Drum"""					wlan																						20.798032	41.1124235
node/5956366686				restaurant	regional;kebab;balkan																													20.5887025	41.2397324
node/5956379085				restaurant	regional;local;balkan		Kutmi?evica					wlan																						20.5881905	41.2401095
node/5964767286				restaurant				Macedonian Cave Restaurant FISH																										21.2953055	41.9600725
node/5999496785				restaurant			Restaurant Arcus																											21.6985476	42.1288686
node/6032865286				restaurant	barbecue;local		Pçela																											21.4371953	42.0002786
node/6054048486				restaurant				Bratstvo																										21.4378319	42.0021215
node/6054048499				restaurant																														21.2952909	41.95881
node/6054048696				restaurant																														21.4154682	42.0037034
node/6054048700				restaurant																														21.4228991	41.9972228
node/6054048705				restaurant	german		Austrian Palace		Mo-Su 09:00-24:00																									21.4356281	41.9995711
node/6054050086				restaurant																														21.4207756	41.9946111
node/6054050099				restaurant			????????																											21.4135121	41.9947932
node/6054050786				restaurant																														21.4142348	41.9986877
node/6079524217				restaurant	regional		Elita																											22.5877841	42.0248909
node/6079524220				restaurant	fish;regional		Zlatina																											22.5925757	42.0178073
node/6102488864				restaurant	local		Restoran Frosina																											21.4199442	41.9959518
node/6145435980				restaurant																														21.4652984	41.9927293
node/6268687385				restaurant			Gala Kujna																											21.4520444	41.9826324
node/6275187295				restaurant			EZO																											21.4462164	42.0365961
node/6278471769				restaurant			????? ? ????? ???????																											21.4100468	42.0127048
node/6329816785				restaurant			Pashina vodenica	Restaurant and rooms																										22.3580161	42.2228585
node/6337592985				restaurant			?????	Idila				wlan																						22.5034378	41.1414088
node/6346079372				restaurant			???????? ???-????																											22.1907365	41.7368287
node/6347445700				restaurant			? ??????																											22.1921774	41.7383603
node/6347445707				restaurant			??????																											22.1928555	41.7390109
node/6347491473				restaurant	pizza;regional;burger;coffee_shop;sandwich;kebab;chicken;ice_cream		?????????????? ?????????			https://www.facebook.com/uniklub																								22.1901494	41.7371339
node/6359901288				restaurant			Driada																											20.9351278	42.0189508
node/6368357685		1400	?????? ?????	restaurant			?????????? ??????	Gostilnica Sokace	Mo-Su 08:00-00:00	https://m.facebook.com/profile.php?id=572126203244707&ref=content_filter		wlan		38978349043																				21.7788314	41.7177173
node/6370064210				restaurant			?????? ????	Garden Image																										21.331219	41.0309947
node/6385566985				restaurant				Restaurant ABC																										21.4409393	42.0277395
node/6386335236				restaurant			Kaj ????																											21.4362086	41.9996644
node/6388918787				restaurant			Familijar Restaurant	Family Restaurant																										20.9090036	41.7928399
node/6393028782				restaurant	regional		Macedonska Sofra																											20.8012066	41.1156043
node/6393029979				restaurant			Letnica Kitchen & Bar																											20.799568	41.1133047
node/6405264185		1000		restaurant	pizza		"???????? ""????"""	"Pizza ""Deni"""						38976346201																				21.4670662	41.9856161
node/6419154286				restaurant				Terrazza Aquarius																										20.7971991	41.1118551
node/6452647277				restaurant			???????? ?????																											22.8968221	41.3881711
node/6499491392				restaurant				Rimini																										20.5262371	41.5247131
node/6514996385				restaurant				Kosmos	Mo-Su 07:00-22:00			wlan																						21.4383067	42.0025666
node/6545131370				restaurant																														21.9427632	41.5795268
node/6549925330				restaurant			Coca Beach Bar																											21.0712879	40.9538093
node/6553038892				restaurant	regional		Divono																											20.800019	41.0911484
node/6553390107				restaurant	regional		4 Nova						4?????? ????																					22.243567	41.4089518
node/6553424134				restaurant	regional;pizza;italian		Moderna																											22.2287354	41.415802
node/6556622586		6000	???????????	restaurant	barbecue;mediterranean		???????? ?????	Resraurant Orfej	Mo-Su 08:00-23:00			wlan		75463446																				20.8098566	41.1066934
node/6586691822				restaurant			La Pizza							38972575756																				21.4681708	41.9819646
node/6591444786				restaurant	regional;local;balkan		?????????? ??? ?????	Gostilnica Kaj Spiro				wlan																						22.1808429	42.0766945
node/6635746831				restaurant			Rusticana																											22.5072573	41.8845742
node/6638915744				restaurant																														22.5090351	41.8854176
node/6638917286				restaurant			Roma pizza																											22.5078812	41.8852945
node/6655156387				restaurant				Dolno Konsjko																										20.8018264	41.0541379
node/6657130385				restaurant				Cun																										20.7983919	41.1122342
node/6657846786				restaurant			Bash Pelivan																											21.7180518	42.1344812
node/6657846887				restaurant	italian_pizza			New Vintage Lounge Bar				wlan																						21.7175532	42.1340202
node/6665290230				restaurant			Restaurant																											21.9710192	41.3956964
node/6677312292			Shirok Sokak	restaurant			Center Lounge & Fresh Bar							047 52 83 62																				21.3357094	41.0289785
node/6723968285				restaurant				Parmak																										21.7854404	41.7124187
node/6781335887				restaurant			Kebap?ilinica Rio	Grill House Rio																										21.4360459	41.999319
node/6781337085				restaurant				Gjeltoria Palas																										21.4383639	42.0018869
node/6788977446				restaurant			Vega																											21.4131738	41.9995518
node/6796436088				restaurant			???????	Saraj	Mo-Su 07:30-19:00																									21.4381319	42.0015097
node/6812666802				restaurant			Milano																											21.7007524	42.1328848
node/6814231688				restaurant			Tako mako																											21.4364213	42.0006226
node/6814231700				restaurant			Ohrid																											21.4372514	42.0003594
node/6814231702				restaurant			Markt kitchen																											21.4285563	41.9969456
node/6814231793				restaurant			Sac																											21.4374652	42.0002543
node/6814236587				restaurant			Skopsko																											21.4224937	42.0019483
node/6814236621				restaurant			Palas																											21.4385882	42.002112
node/6814245589				restaurant			Schpajs						?????																					21.4219242	42.0017089
node/6814246691				restaurant			Don Giovanni																											21.436443	42.0005272
node/6814246724				restaurant			Concept																											21.4373399	41.9999786
node/6814246726				restaurant			???? ?????																											21.4283051	41.9982749
node/6815434686				restaurant			Plaset	Restoran Saraj	Mo-Su 07:00-02:00																									21.4382061	42.0016292
node/6815434689				restaurant				Toto																										21.4229663	41.9967339
node/6815434691				restaurant			?????? ???																											21.4086507	41.9971719
node/6815434692				restaurant				Teteks																										21.4384905	42.002027
node/6815454785				restaurant			?????																											21.4244578	41.9945241
node/6815918386				restaurant			Mosh																											21.4243264	41.9963262
node/6815931392				restaurant			Metzka																											21.4186405	42.0026188
node/6821158588				restaurant			Davidoff																											21.4243092	41.9942446
node/6827032731				restaurant			Pizzeria Bik																											21.4415279	42.0027517
node/6827032733				restaurant			Old Balkan																											21.4380383	42.0011296
node/6827076186				restaurant			Kursumli An																											21.4371206	42.0025774
node/6830542389				restaurant																														20.8212699	41.4795038
node/6831632793				restaurant			Alpi																											20.8003256	41.1145687
node/6831648796				restaurant			Leopard																											20.8078783	41.111976
node/6831648800			???? ?????????	restaurant			Amfora																											20.8056915	41.1103498
node/6831648890				restaurant			Centro																											20.8070573	41.1122508
node/6831648891				restaurant			Pizzeria																											20.8107333	41.1139038
node/6833100785				restaurant			Europa																											20.8049184	41.1117071
node/6834463391				restaurant			Orfej																											20.80978	41.1069136
node/6837039887				restaurant			Madera																											20.8066516	41.1079577
node/7001354685				restaurant			???? ???????????	Bure Leptokarija																										21.4009703	42.0030579
node/7027229685				restaurant			???????? ????????	Restaurant National																										21.4352029	41.993295
node/7027229686				restaurant			??? ????	Kaj Jole																										21.4283137	41.996324
node/7093171485			??????? ???????	restaurant	barbecue;burger;american;breakfast;balkan		??? ?????? ????????? 2.0	Rock Kafana Rustikana 2.0	Mo-Sa 10:00-24:00			wlan																						21.4157772	42.0062237
node/7124138452	???? ??????	1487	?????? ????	restaurant			????																											22.7224768	41.1839779
node/7124138462	???? ??????	1487	?????? ????	restaurant	pizza;greek		???????? ???????		Mo-Su 08:00-23:00					34225122																				22.7229174	41.1835605
node/7124138463	???? ??????	1487	?????? ????	restaurant			?????		Mo-Su 08:00-23:00																									22.7230699	41.1833727
node/7124138464	???? ??????	1487	??? 5 ?? ???????	restaurant			??????????																											22.7232486	41.1834248
node/7130929832	C?o?je	1000	???? ???????	restaurant	international		??????????			https://restoran-skadarlija-skopje.business.site/				38923052717				yes	separated											no				21.4147058	42.0046693
node/7184137085		6335	???????	restaurant	barbecue;balkan		???????? ?????????	Restaurant Republika	Mo-Su 10:00-23:00			wlan																						20.5878142	41.2404084
node/7236691788				restaurant	pizza																													21.331689	42.002807
node/7316834012	Tetovo	1220;1200	??????????	restaurant			CITYGRILL Tetove		Mo-Su 08:00-23:00					38972695000																				20.9705086	42.0087985
node/7373084433				restaurant			Tornado Lounge Bar																											22.1979387	41.7482188
node/7500424555				restaurant			Kaj Zlate		Mo-Su 11:00-00:00																									21.3563369	41.204736
node/7714773225				restaurant			Pizzeria Yahoo																											20.9632525	41.5120219
node/7714773227				restaurant			Lounge Bar Bacardi																											20.9575863	41.5110368
node/7714773228				restaurant			Lounge Bar New Age																											20.9586947	41.5106546
node/7724657485				restaurant	balkan		Sunset Restaurant	Sunset Club Restaurant				wlan																						21.0605131	40.9718757
node/7783659086				restaurant			Burektore Saq																											20.9085717	41.7912806
node/7836016446				restaurant	pizza		???????? ???																											21.9401845	41.8645123
node/7836016476	????? ??????	2220	??????? ???????	restaurant	pizza;coffee_shop;burger;grill;wine;beer		???????? ?? ???	Picerija Ti Amo	Mo-Su 08:00-24:00	https://picerijatiamo.mk/				032 444 4446																				21.9427115	41.8650539
node/7841117297				restaurant																														21.9409496	41.8652553
node/7841117318				restaurant			?????? ???																											21.9424303	41.8658394
node/7841139197				restaurant																														21.9380764	41.8652262
node/7888434356				restaurant			????																											21.3137576	41.8128659
node/7904816925				restaurant			????? ???																											21.9422174	41.8679289
node/7904816926				restaurant			??????????																											21.9420944	41.8680609
node/8043810920	??????	7503	???? ?????	restaurant	macedonian		???????	Delfina		https://www.facebook.com/%D0%A0%D0%B5%D1%81%D1%82%D0%BE%D1%80%D0%B0%D0%BD-%D0%94%D0%B5%D0%BB%D1%84%D0%B8%D0%BD%D0%B0-1402052980039316/				38948410300																				21.5382215	41.3503836
node/8043957656	??????	7500	???? ??????	restaurant	pizza;macedonian		?? ?????? (???????)	Calypso's La Strada		https://www.facebook.com/lastradabycalypso/				+38975410645;+38948414212																				21.5551002	41.3466818
node/8043957657	??????	7500	???? ??????	restaurant	macedonian;pizza		?????	Leone		https://www.facebook.com/LeonePrilep/				38948418282																				21.5539582	41.3465843
node/8094057485	C?o?je	1000	???????	restaurant			?????																											21.4097614	41.9974684
node/8375206948		1220	Banjice	restaurant			Restaurant Anes Lumit																											20.9446443	42.0241791
node/8434486650				restaurant	pizza;italian		PIZZA Bellucci		Mo-Sa 10:00-00:00	https://www.facebook.com/232325386663/posts/%D0%BF%D0%B8%D1%86%D0%B5%D1%80%D0%B8%D1%98%D0%B0-pizza-bellucci-%D0%B4%D1%80%D0%B0%D1%87%D0%B5%D0%B2%D0%BE%D0%B1%D0%B5%D1%81%D0%BF%D0%BB%D0%B0%D1%82%D0%BD%D0%B0-%D0%B4%D0%BE%D1%81%D1%82%D0%B0%D0%B2%D0%B0-%D0%B7%				+389 77 838 838				yes	outside	yes				yes		yes	yes					yes	yes	21.5156883	41.939595
node/8537993721				restaurant																														22.1942593	41.7385022
node/8537993725				restaurant	turkish																													22.1941588	41.7373569
node/8601528017				restaurant				RESTAURANT																										20.8040422	41.1162839
node/8745631651	C?o?je		???? ?????	restaurant			Paradise Food		Mo-Th 08:00-20:00; Fr 08:00-16:00; Su 08:00-20:00	https://www.facebook.com/paradisefood.mk/				+389 76 424 104																				21.427727	41.994279
node/8792003923				restaurant	fish		??????? ???																											20.6352894	41.0975365
node/8807124420				restaurant			??? ???? 2		Mo-Sa 09:00-24:00; Su 12:00-20:00									yes	outside	yes														21.3855189	42.0091204
node/8837787973				restaurant			Kaj ????																											21.9437258	41.578961
node/8868720618				restaurant			Villa Vista							38947220050																				21.2626435	41.0345273
node/8869214018				restaurant																														20.6001802	41.6613807
node/8905635710				restaurant																														21.4408895	41.9909456
node/8909816031				restaurant			????	Bure																										21.3366265	41.0266555
node/8909816032				restaurant																														21.3367926	41.0266703
node/8909816034				restaurant			??????	Ravena																										21.3365076	41.0273766
node/8909816035				restaurant			?????	Korzo																										21.3371573	41.0270204
node/8910471474				restaurant			???? ????																											21.3374821	41.0282053
node/8911858261				restaurant			???????	Kachunka					???????																					21.3157954	41.0245246
node/8946930217				restaurant			Lounge Bar Mavrovo																											20.7579455	41.7026712
node/8948359876				restaurant			Equilibrium																											21.4542028	41.9866451
node/8990283203				restaurant			???? ??????																											21.3355359	41.0264068
node/9038574017				restaurant				Nemo Pizza																										20.7986382	41.1126502
node/9040234627	Ohrid		??????? ??????	restaurant	sushi		oTTo		11:00	https://www.facebook.com/otto.good.mood.food	yes	wlan		+389 76 203 108				yes		yes														20.8048774	41.1130145
node/9062216725				restaurant			???????? ???????	Exclusive Bastion						38970334174																				21.7219653	42.1238452
node/9161033019				restaurant			Corner																											20.8013591	41.1166832
node/9161046817				restaurant			Kaj Tzitzo																											20.8000296	41.1182878
node/9200216156				restaurant																														20.7986294	41.1162475
node/9200216340				restaurant			Mexican street food																											21.4142957	42.0006689
node/9200216346				restaurant			Boko																											21.4171327	41.997055
node/9200216723				restaurant			Potpes																											20.791588	41.1108108
node/9265163562				restaurant			??? ?????		Mo-Su 09:00-24:00					38923117382																				21.423662	42.0053837
node/9319493517				restaurant				Dolcino																										20.9131068	41.7979526
node/9440442679	??????	6330		restaurant			Restaurant Centar - ZemZem			restaurantcentar.com																								20.6800438	41.178411
node/9445634229	??????			restaurant			Restaurant Adenia																											20.6983504	41.1709993
node/9445634230	??????			restaurant			Restaurant Matador																											20.6996057	41.1711366
node/9603648439				restaurant			Lounge Bar Avenue																											20.9618653	41.5103113
node/9663187516				restaurant	pizza		????????? ???????	Kremissimo Tribina		https://cremissimo-tribina-lounge-bar.business.site/?utm_source=gmb&utm_medium=referral																								21.5232371	41.9935483
node/9663199731				restaurant			?????????	Horseshoe																										21.5230582	41.993367
node/9689262317				restaurant			??? ???????	Kaj Parcheto																										21.3567749	41.202268
node/9774249117				restaurant				Château Sopot Winery																										21.740898	41.7774687
node/9811984417				restaurant				Kurtishi																										20.9522349	41.9981047
node/9851535957				restaurant	pizza		???????																											22.1921625	41.7384344
node/9863519778				restaurant																														22.1942417	41.737382
node/9863519779				restaurant																														22.1989405	41.7382085
node/9869947523		6000	??????? ????? ???? ????????	restaurant	balkan			Restaurant Ana-Marija	Mo-Su 08:00-00:00			wlan																						20.8145122	41.0987602
node/9874642665				restaurant	regional		Paradise Valley											yes												no				20.9119548	41.2094971
node/9890200401				restaurant	pizza		Retro Pizza																											20.5302246	41.5174697
node/9897008451				restaurant	pizza																													20.6805084	41.1773859
node/9905841611				restaurant			????	Riva				wlan	????					yes																20.9134685	40.9390885
node/9907558809				restaurant			?????					wlan						yes																21.2553585	41.0443234
node/9907558810				restaurant			?????? ??????			http://www.sumskifeneri.com		wlan		+389 47 293030				yes																21.2550956	41.0432027
node/9919191701				restaurant			International Palace																											21.7821824	41.7170787
node/9919191709				restaurant	balkan		??? ?????				yes																							21.783002	41.7170709
node/9945647417				restaurant			Fisherman's House Kaneo																											20.7908287	41.1108868
node/9949665617				restaurant			Lounge bar manaki																											21.3370543	41.0302629
node/9969092317				restaurant			Ckoncko																											21.398719	41.9952558
node/10067830817				restaurant			Marfi																											22.4706069	41.6336665
node/10114870391	??????	7500	???? ???????	restaurant	macedonian		??????	Vrshnik		https://www.facebook.com/Vrshnik			??????																					21.5536637	41.3440486
node/10123614440	??????	7500	???? ???????	restaurant	pizza		???	Art					???	38948400777																				21.5548935	41.3453374
node/10127119021	??????	7500	11. ????????	restaurant	barbeque		????	Badzho					????	38970895798																				21.5612511	41.3464121
node/10127119023	??????	7500	????? ???????????	restaurant			?????	Biser					?????	38978405730																				21.5512733	41.343274
node/10127119024	??????	7500	???? ?????????	restaurant	pizza		??????	Borzoi					??????	+38948550544;+38970316416																				21.5558674	41.3463139
node/10147053074				restaurant			Baeggel		Mo-Sa 08:00-15:00																									21.4232203	41.9998586
node/10151360411	C?o?je	1000	???? ???????	restaurant	french;sandwich		Mama		Mo-Fr 10:00-18:00		limited							yes	outside	yes														21.4250341	42.0005347
node/10162039517				restaurant	turkish		Medo		Su-Sa 08:00-22:00			wlan																						21.4371301	42.0005187
